ID,NAME,PRICE,R_PRICE,L_ID,L_PRICE,LR_PRICE,URL,DOMAIN,STORE,S_ID,STATUS,TIME,SaveCount,LIMIT,CATEGORY
1,プレイステーション4 Pro,45000,45000,1,45000,45000,https://item.mercari.com/jp/m89039015166/,https://item.mercari.com,mercari,0,在庫あり,2017:8:31:1:9:31,1,0,PlayStation4
2,PS4 ブラック 500GB CUH-2000AB01,34770,34770,2,34770,34770,https://item.mercari.com/jp/m77274317967/,https://item.mercari.com,mercari,0,在庫あり,2017:8:31:1:9:35,1,0,PlayStation4
5,バンダイ BANDAI RG 1/144 ユニコーンガンダム [ガンダムプラモデル] ,3190,2871,5,3190,2871,http://www.yodobashi.com/product/100000001003592694/,http://www.yodobashi.com,ヨドバシカメラ,0,在庫あり,2017:8:31:1:9:44,1,0,OTHER
6,PlayStation4：グレイシャー・ホワイト　1TB（CUH2100BB02）,37778,37589,2,34770,34770,http://shop.tsutaya.co.jp/game/product/4948872414463/,http://shop.tsutaya.co.jp,TSUTAYAオンライン,0,在庫あり,2017:8:31:1:9:48,1,0,PlayStation4
7,バンダイ BANDAI MSZ-006 Zガンダム [RG 1/144 機動戦士Zガンダム] ,2320,2088,7,2320,2088,http://www.yodobashi.com/product/100000001001605354/,http://www.yodobashi.com,ヨドバシカメラ,2,在庫減少中,2017:8:31:1:9:52,1,0,OTHER
8,バンダイ BANDAI MG 1/100 ダブルゼータガンダム Ver.Ka [ガンダムプラモデル] ,5500,4950,7,2320,2088,http://www.yodobashi.com/product/100000001003592715/,http://www.yodobashi.com,ヨドバシカメラ,1,予約受付中,2017:8:31:1:9:56,1,0,OTHER
10,モンスターハンターダブルクロス　Nintendo　Switch　Ver．,6264,6233,7,2320,2088,http://shop.tsutaya.co.jp/game/product/4976219086301/?sc_int=home_pc_right-04,http://shop.tsutaya.co.jp,TSUTAYAオンライン,0,在庫あり,2017:8:31:1:10:5,1,0,OTHER
13,ソニー　PlayStation4　Pro　CUH-7000BB01,44880,47986,2,34770,34770,http://www.yamada-denkiweb.com/1177933016?q=PS4%E6%9C%AC%E4%BD%93,http://www.yamada-denkiweb.com,ヤマダ電機,0,在庫あり,2017:8:31:1:10:13,1,0,PlayStation4
16,三菱鉛筆 MITSUBISHI PENCIL M510171P.26 [KURUTOGA（クルトガ） ローレットモデル シャープペン M5-1017 1P 0.5mm シルバー] ,627,564,16,627,564,http://www.yodobashi.com/product/100000001001386067/,http://www.yodobashi.com,ヨドバシカメラ,0,在庫あり,2017:8:31:1:10:26,1,0,STATIONARY
17,三菱鉛筆 MITSUBISHI PENCIL M55591P.9 [クルトガ アドバンス ネイビー] ,523,471,17,523,471,http://www.yodobashi.com/product/100000001003476914/,http://www.yodobashi.com,ヨドバシカメラ,0,在庫あり,2017:8:31:1:10:29,1,0,STATIONARY
18,ゼブラ ZEBRA P-MA85-P [シャープペン デルガード 0.5mm ピンク] ,313,282,18,313,282,http://www.yodobashi.com/product/100000001002504961/,http://www.yodobashi.com,ヨドバシカメラ,0,在庫あり,2017:8:31:1:10:33,1,0,STATIONARY
19,ＰＳ４　ＰｌａｙＳｔａｔｉｏｎ４　ジェット・ブラック　５００ＧＢ ,29980,32055,19,29980,32055,http://7net.omni7.jp/detail/2110600922,http://7net.omni7.jp,オムニ７,0,在庫あり,2017:8:31:1:10:36,1,0,PlayStation4
21,ゼブラ ZEBRA P-MA85-W [シャープペン デルガード 0.5mm ホワイト] ,313,282,18,313,282,http://www.yodobashi.com/product/100000001002504964/,http://www.yodobashi.com,ヨドバシカメラ,0,在庫あり,2017:8:31:1:10:52,1,0,STATIONARY
22,ソニー　ノイズキャンセリングヘッドホン｜MDR-100ABN B｜[通販]ケーズデンキ,23197,23800,22,23197,23800,http://www.ksdenki.com/shop/g/g4548736022386/,http://www.ksdenki.com,ケーズデンキ,0,在庫あり,2017:8:31:1:10:56,1,0,Headphone
7,バンダイ BANDAI MSZ-006 Zガンダム [RG 1/144 機動戦士Zガンダム] ,2320,2088,7,2320,2088,http://www.yodobashi.com/product/100000001001605354/,http://www.yodobashi.com,ヨドバシカメラ,3,お取り寄せ,2017:9:1:11:28:47,2,0,OTHER
9,PlayStation4　Pro　1TB：ジェット・ブラック（CUH7000BB01）,48578,48335,19,29980,32055,http://shop.tsutaya.co.jp/game/product/4948872414241/,http://shop.tsutaya.co.jp,TSUTAYAオンライン,0,在庫あり,2017:9:1:11:28:58,1,0,PlayStation4
23,PlayStation4 アンチャーテッド リミテッドエディション [CUHJ-10011],39970,38851,19,29980,32055,http://www.sofmap.com/product_detail.aspx?sku=12950959&gid=GF15010000,http://www.sofmap.com,ソフマップ,0,在庫あり,2017:9:1:11:44:2,1,0,PlayStation4
21,ゼブラ ZEBRA P-MA85-W [シャープペン デルガード 0.5mm ホワイト] ,313,282,21,313,282,http://www.yodobashi.com/product/100000001002504964/,http://www.yodobashi.com,ヨドバシカメラ,2,在庫減少中,2017:9:1:12:0:26,2,0,STATIONARY
16,三菱鉛筆 MITSUBISHI PENCIL M510171P.26 [KURUTOGA（クルトガ） ローレットモデル シャープペン M5-1017 1P 0.5mm シルバー] ,627,564,21,313,282,http://www.yodobashi.com/product/100000001001386067/,http://www.yodobashi.com,ヨドバシカメラ,2,在庫減少中,2017:9:1:12:1:36,2,0,STATIONARY
17,三菱鉛筆 MITSUBISHI PENCIL M55591P.9 [クルトガ アドバンス ネイビー] ,523,471,21,313,282,http://www.yodobashi.com/product/100000001003476914/,http://www.yodobashi.com,ヨドバシカメラ,2,在庫減少中,2017:9:1:12:1:39,2,0,STATIONARY
18,ゼブラ ZEBRA P-MA85-P [シャープペン デルガード 0.5mm ピンク] ,313,282,21,313,282,http://www.yodobashi.com/product/100000001002504961/,http://www.yodobashi.com,ヨドバシカメラ,2,在庫減少中,2017:9:1:12:1:43,2,0,STATIONARY
16,三菱鉛筆 MITSUBISHI PENCIL M510171P.26 [KURUTOGA（クルトガ） ローレットモデル シャープペン M5-1017 1P 0.5mm シルバー] ,627,564,18,313,282,http://www.yodobashi.com/product/100000001001386067/,http://www.yodobashi.com,ヨドバシカメラ,0,在庫あり,2017:9:1:17:20:36,3,0,STATIONARY
17,三菱鉛筆 MITSUBISHI PENCIL M55591P.9 [クルトガ アドバンス ネイビー] ,523,471,18,313,282,http://www.yodobashi.com/product/100000001003476914/,http://www.yodobashi.com,ヨドバシカメラ,0,在庫あり,2017:9:1:17:20:40,3,0,STATIONARY
18,ゼブラ ZEBRA P-MA85-P [シャープペン デルガード 0.5mm ピンク] ,313,282,18,313,282,http://www.yodobashi.com/product/100000001002504961/,http://www.yodobashi.com,ヨドバシカメラ,0,在庫あり,2017:9:1:17:20:43,3,0,STATIONARY
21,ゼブラ ZEBRA P-MA85-W [シャープペン デルガード 0.5mm ホワイト] ,313,282,18,313,282,http://www.yodobashi.com/product/100000001002504964/,http://www.yodobashi.com,ヨドバシカメラ,0,在庫あり,2017:9:1:17:21:2,3,0,STATIONARY
